Timestep,TTC,x0,y0,A,B,C,distance,actual_velocity_y,desired_velocity_y,unclipped_velocity_y
1,-2265.2788591359335,0.0,-0.0,0.0,-0.0,-0.0,22.66353828110695,-0.1962,0.0,4.530557718271867
2,-2924.444962935434,0.0,-0.0,0.0,-0.0,-0.0,22.660414625191688,-0.1962,0.0,5.189723822071368
3,-2637.295047851831,0.0,-0.0,0.0,-0.0,-0.0,22.657292831921577,-0.1962,0.0,5.218012579948799
4,-2395.6847972877003,0.0,-0.0,0.0,-0.0,-0.0,22.654165450716018,-0.1962,0.0,5.1113518336054495
5,-2513.8261728766643,0.0,-0.0,0.0,-0.0,-0.0,22.651043657445907,-0.1962,0.0,5.094611936035026
6,-2204.4637199385784,0.0,-0.0,0.0,-0.0,-0.0,22.647921864175796,-0.1962,0.0,4.9803311866753806
7,-2720.0630518653243,0.0,-0.0,0.0,-0.0,-0.0,22.644798208260536,-0.1962,0.0,5.046016174826133
8,-3208.6788629705798,0.0,-0.0,0.0,-0.0,-0.0,22.641674552345275,-0.1962,0.0,5.217433868715512
9,-2354.6482968471623,0.0,-0.0,0.0,-0.0,-0.0,22.638550896430015,-0.1962,0.0,5.160974171490936
10,33.644261412085804,6.867726101773653,-14.492772372150545,-0.2041277119344521,0.4307650625656001,0.11889100346138397,22.635429103159904,-0.1962,0.0,4.6381479020594245
11,34.05537795929733,6.265560668691097,-14.844166671805915,-0.18398153372955178,0.4358831867773578,0.11745575118211174,22.632303584599494,-0.1962,0.0,4.178281054640379
12,-4747.969432097413,0.0,-0.0,0.0,-0.0,-0.0,22.629179928684234,-0.1962,0.0,4.542985948472774
13,45.11320721174922,11.89530863542934,-13.200598751290174,-0.26367685586165424,0.29261051401932314,0.08866583085580858,22.626056272768974,-0.1962,0.0,4.006504297460057
14,45.80553888326393,11.412961061794315,-14.072593148754157,-0.24916115692646712,0.30722470451921463,0.08732568369502337,22.622932616853713,-0.1962,0.0,3.5182062302258648
15,43.00122166111221,10.987572660372567,-13.969110946107252,-0.255517686147719,0.32485381592635304,0.09302061303103316,22.619808960938453,-0.1962,0.0,3.0068407513183097
16,42.41846572682293,10.698835610659513,-13.988674525824585,-0.2522211830941873,0.3297779466120335,0.09429855444938068,22.616685305023193,-0.1962,0.0,2.5574643141852293
17,40.41156538076288,9.6492080151652,-14.197411446150184,-0.23877342845418492,0.3513205022468291,0.09898156535911179,22.613090399885177,-0.1962,0.0,2.005369390736012
18,2578.700689301547,-471.99045212585503,305.06774882386105,0.18303421334784528,-0.11830289187477981,0.0007755843895716759,22.609165806555747,-0.1962,0.0,0.847893480281587
19,39.42034125576037,9.450412369050483,-14.314148972986299,-0.23973441294523357,0.3631158056221702,0.10147045592649437,22.605243075871467,-0.1962,0.0,0.36907975266100235
20,39.00555307537619,8.419827730246645,-14.63560149553457,-0.21586228283895292,0.3752184071650525,0.10254950089466003,22.601318482542037,-0.1962,0.0,0.3680074943283442
21,3699.5624483146357,-684.7931021087946,425.4325491259063,0.18510110632698132,-0.11499536906579733,0.000540604470918207,22.37833936908245,-11.149018,-0.3650939197427233,-0.3650939197427233
22,24.600259528089545,4.479181348696918,-10.017744934616763,-0.18207862171463732,0.40722110769514885,0.16259991059983098,21.8944148460865,-24.1962,-0.8,-1.319607858067824
23,21.760145155660712,1.8133391472172513,-7.179157814782823,-0.0833330446210524,0.3299223310978341,0.1838223031779471,21.410488460445404,-24.1962,-0.8,-1.3149372456566064
24,24.874697643774,1.2573360867557248,-6.754405092653105,-0.05054678873937707,0.27153717361238744,0.1608059747010102,20.926563937449455,-24.1962,-0.8,-1.3107510774087083
25,24.209340234336782,1.4296565625428,-7.6321718461856625,-0.05905392500185025,0.31525732516083776,0.16522548575391116,20.442639414453506,-24.1962,-0.8,-1.3069927011233535
26,20.594406868412772,0.9973059254702645,-6.436815356425509,-0.048426057222357266,0.312551626155262,0.1942274922292182,19.958714891457557,-24.1962,-0.8,-1.3026278893516714
27,21.375981662649163,1.9347436674915666,-6.298255473012916,-0.0905101668791285,0.2946416951703336,0.18712590902851067,19.47479036846161,-24.1962,-0.8,-1.2988207726080485
28,16.765268704533135,-10.584767438248823,-3.6536973342190957,0.6313508971906203,0.21793252459062457,0.23858848137151817,18.9990056047678,-23.78921,-0.7864336884886458,-0.7864336884886458
29,22.368495422152535,4.1880894756990905,-2.8576504274931156,-0.18723161288494333,0.127753359068713,0.17882293486930814,18.525267888092994,-23.6869,-0.7830233193219243,-0.7830233193219243
30,39.43078729088811,-13.402122712626442,2.0856810771927554,0.33988980777270655,-0.0528947358267616,0.10144357429364192,18.05147801735401,-23.68945,-0.7831083661650267,-0.7831083661650267
31,47.308338823043904,-33.125887588677166,-5.823329894902578,0.7002124448415749,0.12309309605405194,0.04227584501499764,18.015961099648475,-1.7759264,-0.052657544266708135,-0.052657544266708135
32,485.55689761870843,-217.64279714926,90.82885628046407,0.44823335476570164,-0.18706120070770557,0.004118981750251096,17.92512734630108,-4.541666,-0.14484887188483192,-0.14484887188483192
33,208.67984742964114,-96.38225824246639,36.63774101214028,0.4618666317309955,-0.17556913838789887,0.009584059144351845,17.811861757421493,-5.663184,-0.182232812339628,-0.182232812339628
34,166.8737181677497,-75.33176827481593,30.351011523286058,0.4514297943495735,-0.18188011783123165,0.011985110788923042,17.681558553361892,-6.5151787,-0.21063261644442316,-0.21063261644442316
35,145.30267262725644,-65.69330885185677,26.679377908080593,0.45211356174004586,-0.18361243758069715,0.013764371734101416,17.53672299184799,-7.2417383,-0.23485128292300705,-0.23485128292300705
36,131.41238579197181,-60.38929384847511,24.147972419605352,0.4595403506643009,-0.18375720274824042,0.015219265580993532,17.37859186925888,-7.9066463,-0.2570148787077189,-0.2570148787077189
37,122.9297920357132,-56.08369880857501,21.37456528479778,0.45622544283066657,-0.17387620145479546,0.016269449145565672,17.20827345945835,-8.515969,-0.2773256407823317,-0.2773256407823317
38,112.55323947710306,-50.33570204901115,20.290993807324774,0.447216821860121,-0.18027907416607597,0.01776936860539553,17.026458803796768,-9.090698,-0.2964832349368457,-0.2964832349368457
39,101.9286260149543,-47.79777429451619,18.058720587943903,0.468933764372568,-0.177170254264925,0.01962157323406452,16.835098091745376,-9.568059,-0.312395261055406,-0.312395261055406
40,98.22368062031171,-47.059334558886015,15.656762698410391,0.47910375849990905,-0.15939906343901272,0.020361688621006728,16.636681679868698,-9.920815,-0.32415383972129075,-0.32415383972129075
41,98.55096141566264,-48.7753751598828,13.779079704260612,0.49492541177919913,-0.13981679636938288,0.020294068888526758,16.432116676354408,-10.228271,-0.3344023642398145,-0.3344023642398145
42,101.69320527333628,-36.99081069977726,2.9060140415582247,0.3637490882537476,-0.028576285246858818,0.01966699736353374,16.2736148873806,-7.925089,-0.25762962577074006,-0.25762962577074006
43,115.99133977080963,-49.31253601868918,21.776444901916236,0.42513980885234304,-0.18774198957391897,0.017242666598660323,16.12623495259285,-7.3689575,-0.23909192423897374,-0.23909192423897374
44,127.21343528091865,-52.89493927375582,22.893231075097077,0.41579679974014333,-0.1799592238393938,0.015721609872286733,15.983615938806533,-7.1309958,-0.2311598676616076,-0.2311598676616076
45,384.6204433956863,-48.4869497875345,-8.615276680491075,0.12606441134397148,0.022399424753478142,0.0025999658030949465,15.812278662109374,-8.566903,-0.27902342181529355,-0.27902342181529355
46,107.52393738172965,-49.29325324353029,19.295949059076772,0.4584398083240778,-0.17945724021036005,0.018600509325654938,15.643806133651733,-8.423573,-0.2742457321332451,-0.2742457321332451
47,107.31138908005188,-49.29035094477642,19.34353558200437,0.4593207800898647,-0.18025612889582976,0.018637350770923718,15.477265168213844,-8.329862,-0.27112205154211283,-0.27112205154211283
48,104.43080517102186,-49.314601434191076,19.524929604512998,0.4722227445573235,-0.18696523092527972,0.019151437133178142,15.31244249292612,-8.281128,-0.2694975646808966,-0.2694975646808966
49,103.19302602775413,-48.4614165050087,18.601333947928367,0.4696191048024391,-0.18025766530894705,0.019381154686384454,15.147472668671607,-8.288713,-0.26975044468345655,-0.26975044468345655
50,55.97109827841051,-36.692435060628874,17.264768946345537,0.6555603907951559,-0.30845864164514714,0.07146545490501663,14.987567376577854,-8.035198,-0.26129992821507625,-0.26129992821507625
51,118.2463788672118,-42.20601071629807,16.276520626384904,0.35693279676407286,-0.13764920991502916,0.016913837186049968,14.825300250434875,-8.15337,-0.26523901170538616,-0.26523901170538616
52,111.699154606866,-42.762347216538686,15.096305076971582,0.38283501219901034,-0.13515147120051374,0.017905238468806303,14.661830786848068,-8.213407,-0.2672402015720921,-0.2672402015720921
53,114.67654429008522,-43.518856027001426,13.801120648033795,0.3794922169691157,-0.12034824325646357,0.01744035811665906,14.498519648098945,-8.205518,-0.26697724247594723,-0.26697724247594723
54,110.42680210490673,-41.937828205111344,13.54488030688924,0.37977943221854715,-0.1226593548731172,0.018111545040487335,14.33722575404644,-8.104798,-0.26361991584074485,-0.26361991584074485
55,109.47000745865171,-43.24329237807164,13.04601366136082,0.3950241110050642,-0.11917431965361358,0.018269844375003143,14.208947245264053,-6.4538946,-0.20858982865333792,-0.20858982865333792
56,143.37830654353584,-60.06938268026587,10.607055470429922,0.4189572615856375,-0.07397950028939114,0.013949111607010881,14.076366957509517,-6.669021,-0.21576070248569915,-0.21576070248569915
57,126.35215914561157,-52.77573048412062,17.61581270463885,0.417687602974006,-0.1394183749906317,0.015828775808216677,13.941501204156875,-6.7832656,-0.21956885649881105,-0.21956885649881105
58,125.8173340042864,-53.68348529330299,16.807334086279333,0.42667797500361976,-0.13358520286009823,0.015896060871325276,13.804069657111167,-6.911585,-0.223846162265464,-0.223846162265464
59,123.01695660858257,-57.59149136663223,4.2734981804836,0.4681589673030021,-0.03473909856249402,0.01625792130725225,13.664258580887317,-7.0305285,-0.22781094838162966,-0.22781094838162966
60,62.00103500648815,29.66303991475129,-79.84358263663194,-0.4784281409438919,1.2877782222228489,0.06451505204036379,13.52372386702299,-7.0667076,-0.2290169357272452,-0.2290169357272452
61,82.69842599295102,2.7611685635411285,-22.111727240229552,-0.03338840528568806,0.26737784878897564,0.04836851429724852,13.387457404518127,-6.8534203,-0.22190734515239305,-0.22190734515239305
62,29.270040586853288,-0.7885785218093042,15.75247249240373,0.026941490547966518,-0.5381773368458871,0.13665850541377828,13.261080656433105,-6.3588457,-0.2054215223483905,-0.2054215223483905
63,128.02822676144285,-56.354684457635415,19.467265954444418,0.44017390448312654,-0.15205448397499172,0.015621555110082353,13.132452901685237,-6.438956,-0.20809185884266201,-0.20809185884266201
64,175.6548707529773,-80.20629313604778,-24.680516886986027,0.4566129751610563,0.14050573594223945,0.011385963801781458,12.995846506440639,-6.830324,-0.22113747257227614,-0.22113747257227614
65,125.66426576033135,-58.60128232947431,16.08123487384621,0.4663321110015436,-0.12796983117314006,0.01591542343321711,12.857297372305393,-6.9274898,-0.22437632423261206,-0.22437632423261206
66,123.29451193782992,-58.54983385339875,14.989786367139049,0.47487785898306606,-0.12157707696428131,0.01622132217051543,12.721158500993251,-6.806987,-0.22035956531147086,-0.22035956531147086
67,120.06093866283237,-58.431448433829146,17.19136705534267,0.4866815892379654,-0.14318867773990387,0.016658207259370245,12.585773069643974,-6.7692394,-0.21910132121491507,-0.21910132121491507
68,115.65424680384443,-58.334116114920796,16.695372503444563,0.5043836930074731,-0.1443558966905969,0.017292923133139272,12.451607670867443,-6.708261,-0.21706870377482665,-0.21706870377482665
69,120.749218252645,-61.68813217793498,16.741202322734846,0.5108781081204533,-0.1386443950941946,0.01656325423006364,12.317714218282699,-6.6946545,-0.21661515610363913,-0.21661515610363913
70,116.19293654463627,-59.80491106253912,18.135389220847625,0.5147034995502043,-0.15607996286315387,0.017212750271026044,12.17731827148199,-7.019806,-0.22745353641126878,-0.22745353641126878
71,106.70176841826593,-57.01666842452338,18.19524166346256,0.5343554213742805,-0.17052427465061373,0.018743831800051278,12.034041743957996,-7.163826,-0.23225420489633175,-0.23225420489633175
72,110.79499602112944,-60.347695748844934,20.766066998538477,0.5446788926941807,-0.18742784190883705,0.018051356756388033,11.88098260411024,-7.6529756,-0.24855919598318696,-0.24855919598318696
73,103.21772838221032,-59.287593397497055,18.5463578370508,0.5743935109476341,-0.17968190278684026,0.01937651633442363,11.731502536916732,-7.5041127,-0.24359709630734044,-0.24359709630734044
74,98.48285974233494,-55.25183435895054,19.21376234481813,0.5610299548927433,-0.19509752656541396,0.020308102397033234,11.59168307878971,-7.0410805,-0.22816269410521198,-0.22816269410521198
75,107.3443722442925,-61.02731216723349,21.734227891104588,0.5685189720831249,-0.20247198280355305,0.01863162416608515,11.454060610616207,-6.9311614,-0.22449871540200425,-0.22449871540200425
76,108.12287813116305,-61.91739692242654,22.154411902307857,0.5726576834859595,-0.2049003160592202,0.018497472825074218,11.31825980939865,-6.8401318,-0.22146438864067086,-0.22146438864067086
77,107.79055429867402,-63.98505647387895,20.938211605182406,0.5936054127394542,-0.19424903917986416,0.018554501486820935,11.183930497848987,-6.766509,-0.21901031176783917,-0.21901031176783917
78,120.21023494707553,-81.54982714137597,13.814724070640285,0.6783933762152581,-0.1149213631994184,0.016637518434936358,11.048613053047657,-6.793845,-0.21992150939648542,-0.21992150939648542
79,100.23024823829958,-58.75574809118565,21.059551467966934,0.5862077478995422,-0.21011173610881811,0.019954056137274617,10.915400397264957,-6.6707315,-0.21581771539361633,-0.21581771539361633
80,100.10900158922742,-58.6108865024444,22.535297970069724,0.5854706926649784,-0.22510760882960115,0.019978223418973914,10.784116510534286,-6.574228,-0.21260092840253456,-0.21260092840253456
81,48.92910121218548,-13.038153701217853,10.513882427448864,0.2664703290721961,-0.2148799419358729,0.08175093964333491,10.659765389049053,-6.2275915,-0.2010463949613185,-0.2010463949613185
82,62.157504994129184,-15.995039414380159,13.582799119494375,0.2573307827573018,-0.21852227049295622,0.06435264736539542,10.54125179746151,-5.9357667,-0.19131889675591843,-0.19131889675591843
83,111.88487682621489,-64.03710296468016,27.63932921258457,0.5723481562583811,-0.2470336474116635,0.01787551684135559,10.421696055912971,-5.9877696,-0.1930523264447193,-0.1930523264447193
84,117.95950264778433,-68.08770001136554,26.509434444383494,0.577212504995624,-0.2247333521194821,0.016954971452972353,10.299806419992446,-6.1046295,-0.1969476550258092,-0.1969476550258092
85,25.375617904313277,-6.850075654029028,6.631464039802786,0.2699471468974425,-0.26133212065254136,0.15763162950684606,10.187751550459861,-5.612817,-0.18055390415781336,-0.18055390415781336
86,34.37775183891664,-8.461029644058957,6.673137877094895,0.24611934147714742,-0.1941121079808571,0.11635432179343039,10.084546108031272,-5.1703463,-0.16580487889936404,-0.16580487889936404
87,35.031282607471105,-8.650369872272869,6.675499970374035,0.24693271922701476,-0.1905582517538297,0.1141836582125863,9.99006902077198,-4.733791,-0.1512530245611235,-0.1512530245611235
88,32.60147118619361,-7.734569603895675,6.941011745872044,0.23724602977951456,-0.2129048626741572,0.12269384952461775,9.906108428025245,-4.208138,-0.13373127180894714,-0.13373127180894714
89,144.57776512956312,-84.54583885851861,39.976158081017275,0.5847776024394414,-0.276502808334274,0.013833385778288267,9.816824395442008,-4.474223,-0.14260077518719982,-0.14260077518719982
90,34.55862399072747,-7.485473062856161,6.50379517612754,0.2166021733059919,-0.1881960108675795,0.11574534915143764,9.735406313323974,-4.080921,-0.12949069966749982,-0.12949069966749982
91,52.34159142003387,-8.186624076270611,7.166885589783428,0.1564076264050535,-0.13692525189519333,0.07642106194098237,9.653580311918258,-4.1013956,-0.1301731977090695,-0.1301731977090695
92,184.07057716854234,-116.98331899429091,42.76336748106345,0.635535134369554,-0.23232049433901436,0.010865397559810553,9.557124164187908,-4.8328743,-0.1545558121439521,-0.1545558121439521
93,144.8530456469515,-95.84630283867348,31.575355276006643,0.6616795829911541,-0.21798199088588624,0.013807096641064592,9.456945520126819,-5.030683,-0.16114944590809943,-0.16114944590809943
94,146.2895648218357,-105.35136217756526,28.05312911112773,0.7201563714122153,-0.19176438965618153,0.013671515138046762,9.353932861471176,-5.2006636,-0.16681545834290973,-0.16681545834290973
95,130.1774948185281,-92.07687900931231,32.91658709778846,0.7073179518293131,-0.2528592760497912,0.015363638721025235,9.238343622767925,-5.829475,-0.1877758337257527,-0.1877758337257527
96,116.82289883032652,-79.9332121356438,23.202405065286094,0.6842255494082434,-0.19861179013358715,0.01711993128080821,9.112861875677108,-6.324146,-0.20426486312403466,-0.20426486312403466
97,105.10416149089544,-71.93469505862083,21.451871348970688,0.6844133860946325,-0.20410106550185397,0.019028742265102875,8.978548396611213,-6.744583,-0.21827943890071952,-0.21827943890071952
98,105.07817023558833,-74.64079922847392,18.002589148272286,0.7103359247798764,-0.1713256817082935,0.01903344905526944,8.833958704257011,-7.1794434,-0.23277477871059848,-0.23277477871059848
99,91.97566649249784,-69.36082198590452,15.079642664206327,0.754121439191333,-0.16395252395845727,0.021744881839623677,8.695682447636127,-6.863831,-0.22225435898318543,-0.22225435898318543
100,95.44735589082129,-71.91625623721738,15.934072214666575,0.7534651490972651,-0.1669409494474941,0.020953959188641395,8.550096240127086,-7.2291627,-0.23443210536320416,-0.23443210536320416
101,94.7531553164275,-72.24481918844671,12.348700293322848,0.7624529119604053,-0.13032495067931457,0.02110747650905148,8.399422217392921,-7.4836326,-0.24291441814248288,-0.24291441814248288
102,91.18015374788135,-72.0686278422975,10.326395944051132,0.7903981829376119,-0.11325267088937185,0.021934597802172183,8.259895194554328,-6.9262896,-0.2243363334583507,-0.2243363334583507
103,89.78740144771845,-68.68869930842837,14.162693024115281,0.7650148929683028,-0.15773586044097684,0.022274839985925676,8.126977768027782,-6.5958962,-0.2133232046185041,-0.2133232046185041
104,98.32836433505484,-76.87740577168508,16.29384923846721,0.7818436347595957,-0.16570853536163546,0.02034001087605791,7.999814052367211,-6.308129,-0.20373096452114794,-0.20373096452114794
105,92.66866344380024,-73.84859084935015,18.945964021257968,0.7969100675994567,-0.20444844370446674,0.02158226875920055,7.877151418709755,-6.083076,-0.19622919824620239,-0.19622919824620239
106,100.91512830178893,-82.11042604038911,19.31264654684055,0.8136582435374413,-0.19137513742325785,0.01981863407059203,7.756397996330262,-5.9876294,-0.19304764414049486,-0.19304764414049486
107,97.43111896970936,-77.33879923648848,22.004423539599745,0.7937792365961902,-0.22584594914116468,0.020527322493563743,7.636565186315775,-5.941591,-0.19151303563625763,-0.19151303563625763
108,97.09975198719982,-78.55930211050347,21.289171267274437,0.8090577010007146,-0.21925052156756158,0.02059737495790566,7.517714921617508,-5.8937206,-0.18991735198657994,-0.18991735198657994
109,93.83599726429115,-74.60471584173906,23.553052189062633,0.7950543290078034,-0.25100231122098,0.021313782112497362,7.399432763689757,-5.9048824,-0.19028941814093858,-0.19028941814093858
110,100.24951406169792,-82.13294377726334,22.505539919373284,0.8192852059783067,-0.22449525197221795,0.019950221392286378,7.281558990710974,-5.9336953,-0.1912498497751139,-0.1912498497751139
111,90.0062248911834,-73.62109700166249,23.484399777228017,0.8179556146329839,-0.26091972867010493,0.022220685318354142,7.164255187147856,-5.905214,-0.1903004636900651,-0.1903004636900651
112,111.72670628513913,-94.1115968029075,9.309733254748654,0.8423375210106356,-0.08332594385257511,0.017900823057432437,7.0444838444232944,-6.028493,-0.19440977419751665,-0.19440977419751665
113,96.25960674011607,-75.78024158459588,20.800058785116253,0.7872486097848825,-0.21608293955815483,0.020777147006216707,6.923938572639227,-6.0673265,-0.19570421525599616,-0.19570421525599616
114,96.1666315386348,-78.9784086283164,19.76029314444246,0.8212662476025995,-0.20547972647356158,0.020797234633267807,6.803845923626423,-6.0543556,-0.19527186869671215,-0.19527186869671215
115,91.8029313850194,-78.04736056603535,21.07350140053096,0.8501619652939676,-0.2295515086784013,0.02178579670416019,6.6838641019999985,-6.049162,-0.19509872228495595,-0.19509872228495595
116,89.6270484490907,-78.04931682171319,20.856677947713866,0.8708232411117075,-0.2327051744826867,0.022314692211872017,6.565236423397065,-5.9814334,-0.19284110631441637,-0.19284110631441637
117,89.98617927252099,-80.99446098275834,21.085261783614854,0.9000766744131735,-0.23431666900489956,0.02222563527164597,6.447502814465762,-5.9367633,-0.19135211837497867,-0.19135211837497867
118,81.67450673049349,-73.05927759780218,22.005997850496534,0.8945175247752701,-0.2694353321668793,0.02448744510449908,6.331618346506358,-5.844212,-0.1882670693236374,-0.1882670693236374
119,83.88239582145461,-76.66323815654202,22.079160200319194,0.9139371545815321,-0.26321566025981347,0.023842905062667032,6.216930162394047,-5.78449,-0.1862763490350701,-0.1862763490350701
120,84.12782127985487,-77.69591390206776,23.035813301783925,0.9235460127228174,-0.2738192069084291,0.02377334833558702,6.104176335269213,-5.68776,-0.18305201047870148,-0.18305201047870148
121,84.2972965065158,-76.82593844468292,24.095528261520776,0.9113689480984081,-0.28583986984278076,0.023725553284445,5.992107030236721,-5.6535068,-0.181910224801768,-0.181910224801768
122,85.10338755710166,-81.25805408038393,23.76464638234941,0.9548157413341787,-0.2792444233363107,0.02350082713990749,5.882410269463063,-5.4937663,-0.17658556105616047,-0.17658556105616047
123,84.69095418793128,-79.62581469148407,25.438213868182682,0.9401926741171489,-0.30036518199729656,0.02361527295538496,5.773923296713829,-5.424355,-0.17427183054572354,-0.17427183054572354
124,84.2678984968254,-81.08018111378652,25.702814738767433,0.9621716283436335,-0.30501312121526003,0.023733830268418826,5.666863575810194,-5.352962,-0.17189208393736163,-0.17189208393736163
125,87.55621692899324,-86.14693940344029,25.564634284521016,0.9839043122809217,-0.29197965811215376,0.022842467047451007,5.560314219677449,-5.327482,-0.1710427410461564,-0.1710427410461564
126,86.15537777665135,-87.82940038308216,25.985561627605623,1.0194302741120878,-0.30161276403395765,0.023213873023513253,5.454180699074269,-5.306652,-0.17034840691166853,-0.17034840691166853
127,79.07976899178598,-81.87003099286099,27.168898190721045,1.0352841445624965,-0.3435631962144841,0.02529091859395467,5.349356618010998,-5.241214,-0.16816712485552154,-0.16816712485552154
128,24.050969562856075,-1.6991280015345165,12.826255992474865,0.0706469648591058,-0.5332947579911093,0.1663134614821323,5.25144714140296,-4.8954725,-0.15664241742199403,-0.15664241742199403
129,84.49177213068684,-88.60386466568009,30.409220316378015,1.0486685558995368,-0.3599074744147021,0.023670943922285345,5.153464555972815,-4.899129,-0.1567642926838405,-0.1567642926838405
130,84.56485632518562,-90.43360487531442,30.069348305270175,1.06939937942496,-0.3555773593422962,0.023650486584039142,5.055429816478491,-4.9017506,-0.15685169969290663,-0.15685169969290663
131,82.07729299197419,-89.35972808620575,30.60451171675948,1.0887265506544381,-0.3728742822908657,0.02436727537049214,4.95766096957922,-4.888431,-0.15640769898999832,-0.15640769898999832
132,80.26977898594193,-88.73938920185242,30.006973817496828,1.1055143084098165,-0.3738265409046673,0.02491597741100384,4.860471870982647,-4.859429,-0.15544097727576636,-0.15544097727576636
133,88.08905053639718,-103.16096422080746,26.883334488592578,1.1710986052481378,-0.30518361050429027,0.02270429738794412,4.7628757844209675,-4.879818,-0.15612059654545957,-0.15612059654545957
134,87.40729420944992,-103.22865037071132,26.518794772810335,1.181007275243522,-0.30339338395791793,0.02288138556500211,4.664902977877856,-4.898654,-0.15674847568798447,-0.15674847568798447
135,89.54560839620072,-106.75773236477875,26.29268209418633,1.1922162825944718,-0.29362335646715965,0.022334987006295853,4.566690821433068,-4.91059,-0.15714635398142596,-0.15714635398142596
136,85.36906123938104,-103.8372237113168,26.030719376369422,1.2163332031981668,-0.3049198269075186,0.023427691144357967,4.468572728568316,-4.905873,-0.1569890906739719,-0.1569890906739719
137,83.13832318102304,-104.4158859815085,25.89766538654486,1.255929660189998,-0.31150093477536245,0.02405629466022855,4.369968950980902,-4.930224,-0.15780080151181933,-0.15780080151181933
138,83.03933968266712,-108.20340340038217,23.760506063986668,1.3030378590903893,-0.2861355371416353,0.024084969938862145,4.2642852591812614,-5.284154,-0.16959847553578153,-0.16959847553578153
139,77.34793746028632,-100.20023453043021,20.401306220271284,1.295448047103741,-0.2637601840481677,0.025857185927250923,4.159459315472842,-5.241291,-0.1681697086017014,-0.1681697086017014
140,75.1790914273945,-99.09496391430162,21.75521371756343,1.3181186688057314,-0.289378513420502,0.02660314140576618,4.055759806418419,-5.184976,-0.1662925556221432,-0.1662925556221432
141,73.78772981002106,-99.28794040123572,21.336770820570784,1.3455887673583298,-0.28916421301354434,0.02710477751720153,3.9530549498736858,-5.135239,-0.1646346429857526,-0.1646346429857526
142,70.76023322134111,-97.15066408711577,21.883426190239902,1.3729556795442468,-0.30926164589915334,0.028264463088242125,3.851491429144144,-5.0781817,-0.16273273383283243,-0.16273273383283243
143,81.3225942457431,-112.62542178381914,14.071725259150437,1.3849216546570586,-0.17303586278406302,0.024593411198323787,3.7507395560383796,-5.0375834,-0.16137944257470158,-0.16137944257470158
144,71.90051989557094,-100.60079478786228,23.496906604665263,1.3991664446095233,-0.3267974506831441,0.02781621054903109,3.6518482326060533,-4.944543,-0.1582780877119258,-0.1582780877119258
145,69.7127720218536,-103.76298777607109,23.542548587896277,1.488435831292771,-0.33770782462238264,0.028689147511922763,3.555337369674444,-4.825546,-0.15431152043705637,-0.15431152043705637
146,75.76545890356026,-110.75552405196359,25.992489204133523,1.4618208040281417,-0.3430651589825205,0.02639725316711596,3.4595480489075183,-4.767924,-0.1523907999698922,-0.1523907999698922
147,74.56957559666914,-112.4960403020014,24.68531306109293,1.5086050765592174,-0.33103732807345587,0.026820589818260084,3.3642162403553724,-4.7165117,-0.15067705045302143,-0.15067705045302143
148,75.1626526691952,-116.79783093741436,23.960571518283075,1.5539343914784824,-0.3187829416257833,0.026608959755616553,3.2698301898777484,-4.6692514,-0.14910171305032704,-0.14910171305032704
149,74.56851905638203,-119.85038102573571,24.378279038450092,1.6072517268998678,-0.3269245433185742,0.026820969831622635,3.175779415526986,-4.652575,-0.14854582936954616,-0.14854582936954616
150,71.99212151267237,-118.04725658768257,23.83249927274976,1.6397246546888242,-0.33104315822328784,0.027780817650275125,3.082109086447954,-4.633453,-0.14790843538660176,-0.14790843538660176
151,72.98689546985483,-122.50664876280027,23.02249301803091,1.6784745805964327,-0.31543324140344753,0.027402179351854242,2.9885339851021766,-4.628648,-0.14774826851856854,-0.14774826851856854
152,73.2041540574513,-126.14296118311759,21.629541097652954,1.7231667083280466,-0.29546876644019254,0.02732085392900492,2.894666215637326,-4.6433115,-0.14823705268579057,-0.14823705268579057
153,74.85294201508565,-129.77609524788107,20.234361516077417,1.7337474220014808,-0.2703215260663962,0.026719056675112728,2.801576566183567,-4.6044936,-0.14694312223965905,-0.14694312223965905
154,80.44052636434837,-136.88457078869533,20.301582779241933,1.7016866618784738,-0.25238003400534303,0.02486308942014096,2.707662696251273,-4.6557336,-0.14865112353341456,-0.14865112353341456
155,16.545585639425113,-7.134877499260484,1.5587457634738018,0.4312254431332653,-0.09420916233751164,0.24175632625953897,2.6207255965560674,-4.3367305,-0.1380176862569288,-0.1380176862569288
156,91.74407574893439,-128.37984409555042,31.179957430010756,1.3993257117426634,-0.3398579927420863,0.010899886361453863,2.5318723006635904,-4.4326024,-0.14121340962600368,-0.14121340962600368
157,86.75261525141438,-160.06254267314753,19.225218984957746,1.8450457338868285,-0.22160967631052833,0.023054060032701926,2.4415584581434726,-4.5057,-0.14365001755695272,-0.14365001755695272
158,81.95495982180016,-156.37502349743295,18.198525319588697,1.9080605229683356,-0.22205520397006964,0.02440364810560247,2.3506637031674384,-4.546454,-0.1450084789874737,-0.1450084789874737
159,85.29126814081808,-125.38951085161203,26.378223901746438,1.4701330345398398,-0.3092722675690003,0.011724529624169432,2.259247873210907,-4.6107907,-0.1471530288043609,-0.1471530288043609
160,94.29153423409943,-139.61307941427734,25.936308924910378,1.4806533857817736,-0.27506508548813935,0.01060540596907969,2.165154956513643,-4.744587,-0.15161291134864635,-0.15161291134864635
161,103.31334071431752,-155.03411856754667,20.157542513631363,1.5006205151786511,-0.19511074150018132,0.009679292074827046,2.0674263893157243,-4.926546,-0.15767820039753888,-0.15767820039753888
162,91.56192876430887,-135.01833395749833,20.036770240527368,1.4746121644624954,-0.2188329856189941,0.010921569843445708,1.9674912861078977,-5.0366926,-0.1613497553389104,-0.1613497553389104
163,73.54767278906431,-144.86427051852124,10.458115392221142,1.9696649129061345,-0.14219505520202053,0.040789869838628874,1.8677140420764684,-5.028861,-0.1610887014937061,-0.1610887014937061
164,106.54927425799771,-218.4678731346858,-6.683610231906261,2.0503928783755874,0.06272788133425115,0.018770658119709134,1.7648040617346763,-5.185513,-0.166310451072436,-0.166310451072436
165,24.15633647153839,-21.56809916310127,4.289571709615592,0.8928547252400361,-0.17757542476151855,0.16558802303126147,1.6609789405480027,-5.231178,-0.16783260123885865,-0.16783260123885865
166,121.40767422979795,-178.06279406886998,1.1003359003996545,1.4666518834043094,-0.009063149486884671,0.00823671161105698,1.5535976805254816,-5.409159,-0.17376532093503136,-0.17376532093503136
167,184.07845088249223,-270.5419040159421,-24.124011464476926,1.4697098042651633,0.1310528817948205,0.005432466403350803,1.4345342593729495,-5.993115,-0.19323048806124696,-0.19323048806124696
168,154.7096723537851,-228.95961267573313,-44.246991686422774,1.4799308226324446,0.28600016413479423,0.006463719978109916,1.3067414353132247,-6.429643,-0.20778143056764392,-0.20778143056764392
169,139.65326301165973,-204.5406141290502,-54.536449145895375,1.4646318297050673,0.3905132466639329,0.00716059172864804,1.1724269085094332,-6.7558146,-0.21865382954181228,-0.21865382954181228
170,90.11696886235843,-130.39882719850635,-34.92503434818651,1.4469952645397233,0.38755225335563387,0.011096689254244289,1.0370219193860888,-6.7307673,-0.217818916467464,-0.217818916467464
171,115.97615408260849,-255.74126617019917,-84.99322313231131,2.205119390215661,0.7328508502857545,0.017244924319316735,0.9000866508573293,-6.806744,-0.22035147914112227,-0.22035147914112227
172,130.85407393903415,-167.04825361060347,-39.342831943295444,1.2765995630249345,0.300661880512987,0.007642100623217182,0.75843790057078,-7.042497,-0.22820990817606726,-0.22820990817606726
173,-31.01218621791479,0.0,-0.0,0.0,-0.0,-0.0,0.6293352295175194,-6.415138,-0.20729793637467145,-0.20729793637467145
174,-16.615143948082927,0.0,-0.0,0.0,-0.0,-0.0,0.5149610757358372,-5.6761513,-0.18266505273345535,-0.18266505273345535
175,-47.89893288272329,-0.0,-0.0,-0.0,-0.0,-0.0,0.40908320317938923,-5.24382,-0.16825399886260303,-0.16825399886260303
176,-195.04876554434617,-0.0,0.0,-0.0,0.0,-0.0,0.3411801832258701,-3.3450813,-0.10496271090777418,-0.10496271090777418
